INSERT INTO INTERNACION ( ID_HISTORIA_CLINICA , ID_EXPEDIENTE ,ID_INTERNACION , FECHA_INGRESO, ID_PERSONAL ,IMPRESION_DIAGNOSTICA ,TRATAMIENTO )
VALUES (10,  100, 1 , sysdate(), 300, ' la impresion diagonostica consta de: bla ble blo','El tratamiento a seguiar es: a v x v x v b');
INSERT INTO INTERNACION ( ID_HISTORIA_CLINICA , ID_EXPEDIENTE ,ID_INTERNACION , FECHA_INGRESO, ID_PERSONAL ,IMPRESION_DIAGNOSTICA ,TRATAMIENTO )
VALUES (11,  100, 2 , sysdate(), 301, ' la impresion diagonostica consta de: bla ble blo','El tratamiento a seguiar es: a v x v x v b');
INSERT INTO INTERNACION ( ID_HISTORIA_CLINICA , ID_EXPEDIENTE ,ID_INTERNACION , FECHA_INGRESO, ID_PERSONAL ,IMPRESION_DIAGNOSTICA ,TRATAMIENTO )
VALUES (12,  100, 3 , sysdate(), 300, ' la impresion diagonostica consta de: bla ble blo','El tratamiento a seguiar es: a v x v x v b');
INSERT INTO INTERNACION ( ID_HISTORIA_CLINICA , ID_EXPEDIENTE ,ID_INTERNACION , FECHA_INGRESO, ID_PERSONAL ,IMPRESION_DIAGNOSTICA ,TRATAMIENTO )
VALUES (13,  100, 4 , sysdate(), 303, ' la impresion diagonostica consta de: bla ble blo','El tratamiento a seguiar es: a v x v x v b');
INSERT INTO INTERNACION ( ID_HISTORIA_CLINICA , ID_EXPEDIENTE ,ID_INTERNACION , FECHA_INGRESO, ID_PERSONAL ,IMPRESION_DIAGNOSTICA ,TRATAMIENTO )
VALUES (14,  101, 1 , sysdate(), 301, ' la impresion diagonostica consta de: bla ble blo','El tratamiento a seguiar es: a v x v x v b');
INSERT INTO INTERNACION ( ID_HISTORIA_CLINICA , ID_EXPEDIENTE ,ID_INTERNACION , FECHA_INGRESO, ID_PERSONAL ,IMPRESION_DIAGNOSTICA ,TRATAMIENTO )
VALUES (15,  101, 2 , sysdate(), 304, ' la impresion diagonostica consta de: bla ble blo','El tratamiento a seguiar es: a v x v x v b');
INSERT INTO INTERNACION ( ID_HISTORIA_CLINICA , ID_EXPEDIENTE ,ID_INTERNACION , FECHA_INGRESO, ID_PERSONAL ,IMPRESION_DIAGNOSTICA ,TRATAMIENTO )
VALUES (16,  101, 3 , sysdate(), 301, ' la impresion diagonostica consta de: bla ble blo','El tratamiento a seguiar es: a v x v x v b');
INSERT INTO INTERNACION ( ID_HISTORIA_CLINICA , ID_EXPEDIENTE ,ID_INTERNACION , FECHA_INGRESO, ID_PERSONAL ,IMPRESION_DIAGNOSTICA ,TRATAMIENTO )
VALUES (17,  101, 4 , sysdate(), 350, ' la impresion diagonostica consta de: bla ble blo','El tratamiento a seguiar es: a v x v x v b');
INSERT INTO INTERNACION ( ID_HISTORIA_CLINICA , ID_EXPEDIENTE ,ID_INTERNACION , FECHA_INGRESO, ID_PERSONAL ,IMPRESION_DIAGNOSTICA ,TRATAMIENTO )
VALUES (18,  100, 5 , sysdate(), 310, ' la impresion diagonostica consta de: bla ble blo','El tratamiento a seguiar es: a v x v x v b');
INSERT INTO INTERNACION ( ID_HISTORIA_CLINICA , ID_EXPEDIENTE ,ID_INTERNACION , FECHA_INGRESO, ID_PERSONAL ,IMPRESION_DIAGNOSTICA ,TRATAMIENTO )
VALUES (19,  102, 1 , sysdate(), 303, ' la impresion diagonostica consta de: bla ble blo','El tratamiento a seguiar es: a v x v x v b');
INSERT INTO INTERNACION ( ID_HISTORIA_CLINICA , ID_EXPEDIENTE ,ID_INTERNACION , FECHA_INGRESO, ID_PERSONAL ,IMPRESION_DIAGNOSTICA ,TRATAMIENTO )
VALUES (20,  102, 2 , sysdate(), 302, ' la impresion diagonostica consta de: bla ble blo','El tratamiento a seguiar es: a v x v x v b');
INSERT INTO INTERNACION ( ID_HISTORIA_CLINICA , ID_EXPEDIENTE ,ID_INTERNACION , FECHA_INGRESO, ID_PERSONAL ,IMPRESION_DIAGNOSTICA ,TRATAMIENTO )
VALUES (21,  103, 1 , sysdate(), 301, ' la impresion diagonostica consta de: bla ble blo','El tratamiento a seguiar es: a v x v x v b');
INSERT INTO INTERNACION ( ID_HISTORIA_CLINICA , ID_EXPEDIENTE ,ID_INTERNACION , FECHA_INGRESO, ID_PERSONAL ,IMPRESION_DIAGNOSTICA ,TRATAMIENTO )
VALUES (22,  103, 2 , sysdate(), 304, ' la impresion diagonostica consta de: bla ble blo','El tratamiento a seguiar es: a v x v x v b');
INSERT INTO INTERNACION ( ID_HISTORIA_CLINICA , ID_EXPEDIENTE ,ID_INTERNACION , FECHA_INGRESO, ID_PERSONAL ,IMPRESION_DIAGNOSTICA ,TRATAMIENTO )
VALUES (23,  103, 3 , sysdate(), 305, ' la impresion diagonostica consta de: bla ble blo','El tratamiento a seguiar es: a v x v x v b');
INSERT INTO INTERNACION ( ID_HISTORIA_CLINICA , ID_EXPEDIENTE ,ID_INTERNACION , FECHA_INGRESO, ID_PERSONAL ,IMPRESION_DIAGNOSTICA ,TRATAMIENTO )
VALUES (24,  101, 5 , sysdate(), 306, ' la impresion diagonostica consta de: bla ble blo','El tratamiento a seguiar es: a v x v x v b');
INSERT INTO INTERNACION ( ID_HISTORIA_CLINICA , ID_EXPEDIENTE ,ID_INTERNACION , FECHA_INGRESO, ID_PERSONAL ,IMPRESION_DIAGNOSTICA ,TRATAMIENTO )
VALUES (25,  100, 6 , sysdate(), 302, ' la impresion dia	gonostica consta de: bla ble blo','El tratamiento a seguiar es: a v x v x v b');
INSERT INTO INTERNACION ( ID_HISTORIA_CLINICA , ID_EXPEDIENTE ,ID_INTERNACION , FECHA_INGRESO, ID_PERSONAL ,IMPRESION_DIAGNOSTICA ,TRATAMIENTO )
VALUES (26,  102, 3 , sysdate(), 301, ' la impresion diagonostica consta de: bla ble blo','El tratamiento a seguiar es: a v x v x v b');
INSERT INTO INTERNACION ( ID_HISTORIA_CLINICA , ID_EXPEDIENTE ,ID_INTERNACION , FECHA_INGRESO, ID_PERSONAL ,IMPRESION_DIAGNOSTICA ,TRATAMIENTO )
VALUES (27,  103, 4 , sysdate(), 300, ' la impresion diagonostica consta de: bla ble blo','El tratamiento a seguiar es: a v x v x v b');
INSERT INTO INTERNACION ( ID_HISTORIA_CLINICA , ID_EXPEDIENTE ,ID_INTERNACION , FECHA_INGRESO, ID_PERSONAL ,IMPRESION_DIAGNOSTICA ,TRATAMIENTO )
VALUES (28,  105, 1 , sysdate(), 300, ' la impresion diagonostica consta de: bla ble blo','El tratamiento a seguiar es: a v x v x v b');

INSERT INTO CATEGORIA_EXAMEN (COD_EXAMEN, DESCRIPCION_EXAMEN) 
VALUES (101,  'Categoria de examen: Cardiovascular' );
INSERT INTO CATEGORIA_EXAMEN (COD_EXAMEN, DESCRIPCION_EXAMEN) 
VALUES (102,  'Categoria de examen: ocupacional' );
INSERT INTO CATEGORIA_EXAMEN (COD_EXAMEN, DESCRIPCION_EXAMEN) 
VALUES (103,  'Categoria de examen: psicologico' );
INSERT INTO CATEGORIA_EXAMEN (COD_EXAMEN, DESCRIPCION_EXAMEN) 
VALUES (104,  'Categoria de examen: Sangre' );
INSERT INTO CATEGORIA_EXAMEN (COD_EXAMEN, DESCRIPCION_EXAMEN) 
VALUES (105,  'Categoria de examen: Audicion' );
INSERT INTO CATEGORIA_EXAMEN (COD_EXAMEN, DESCRIPCION_EXAMEN) 
VALUES (106,  'Categoria de examen: Vision' );
INSERT INTO CATEGORIA_EXAMEN (COD_EXAMEN, DESCRIPCION_EXAMEN) 
VALUES (107,  'Categoria de examen: Neurologico' );

INSERT INTO TIPO_EXAMEN_ESTUDIO ( COD_DATO, DESCRIPCION_DATO,  COD_EXAMEN ) 
VALUES (55,  'examen: electrocardigrama', 101 );
INSERT INTO TIPO_EXAMEN_ESTUDIO ( COD_DATO, DESCRIPCION_DATO,  COD_EXAMEN ) 
VALUES (56,  'examen: ecodopler cardiaco', 101 );
INSERT INTO TIPO_EXAMEN_ESTUDIO ( COD_DATO, DESCRIPCION_DATO,  COD_EXAMEN ) 
VALUES (57,  'examen : examen fisico completo', 102 );
INSERT INTO TIPO_EXAMEN_ESTUDIO ( COD_DATO, DESCRIPCION_DATO,  COD_EXAMEN ) 
VALUES (58,  'examen:radiografia torax', 102 );
INSERT INTO TIPO_EXAMEN_ESTUDIO ( COD_DATO, DESCRIPCION_DATO,  COD_EXAMEN ) 
VALUES (59,  'examen:psicoanalisis', 103 );
INSERT INTO TIPO_EXAMEN_ESTUDIO ( COD_DATO, DESCRIPCION_DATO,  COD_EXAMEN ) 
VALUES (60,  'examen: perdida de nivel auditivo', 105 );
INSERT INTO TIPO_EXAMEN_ESTUDIO ( COD_DATO, DESCRIPCION_DATO,  COD_EXAMEN ) 
VALUES (61,  'examen:prueba visual', 106 );
INSERT INTO TIPO_EXAMEN_ESTUDIO ( COD_DATO, DESCRIPCION_DATO,  COD_EXAMEN ) 
VALUES (66,  'examen: reflejos y coordinacion', 107 );
INSERT INTO TIPO_EXAMEN_ESTUDIO ( COD_DATO, DESCRIPCION_DATO,  COD_EXAMEN ) 
VALUES (62,  'examen: sangre estandar', 104 );
INSERT INTO TIPO_EXAMEN_ESTUDIO ( COD_DATO, DESCRIPCION_DATO,  COD_EXAMEN ) 
VALUES (63,  'examen: sangre genetico', 104 );
INSERT INTO TIPO_EXAMEN_ESTUDIO ( COD_DATO, DESCRIPCION_DATO,  COD_EXAMEN ) 
VALUES (64,  'examen: sangre hormonal', 104 );
INSERT INTO TIPO_EXAMEN_ESTUDIO ( COD_DATO, DESCRIPCION_DATO,  COD_EXAMEN ) 
VALUES (65,  'examen: sangre diabetes', 104 );

INSERT INTO TRAMITE_EXAMEN (IDE_SOLICITUD_EXAMEN, ID_HISTORIACLINICA , FEC_EXAMEN ,IDE_PERSONAL_MED  ) 
VALUES (1000,10, sysdate(), 300);
INSERT INTO TRAMITE_EXAMEN (IDE_SOLICITUD_EXAMEN, ID_HISTORIACLINICA , FEC_EXAMEN ,IDE_PERSONAL_MED  ) 
VALUES (1001,10, sysdate(), 302);
INSERT INTO TRAMITE_EXAMEN (IDE_SOLICITUD_EXAMEN, ID_HISTORIACLINICA , FEC_EXAMEN ,IDE_PERSONAL_MED  ) 
VALUES (1002,11, sysdate(), 301);
INSERT INTO TRAMITE_EXAMEN (IDE_SOLICITUD_EXAMEN, ID_HISTORIACLINICA , FEC_EXAMEN ,IDE_PERSONAL_MED  ) 
VALUES (1003,11, sysdate(), 301);
INSERT INTO TRAMITE_EXAMEN (IDE_SOLICITUD_EXAMEN, ID_HISTORIACLINICA , FEC_EXAMEN ,IDE_PERSONAL_MED  ) 
VALUES (1004,12, sysdate(), 301);
INSERT INTO TRAMITE_EXAMEN (IDE_SOLICITUD_EXAMEN, ID_HISTORIACLINICA , FEC_EXAMEN ,IDE_PERSONAL_MED  ) 
VALUES (1005,12, sysdate(), 301);
INSERT INTO TRAMITE_EXAMEN (IDE_SOLICITUD_EXAMEN, ID_HISTORIACLINICA , FEC_EXAMEN ,IDE_PERSONAL_MED  ) 
VALUES (1006,13, sysdate(), 304);
INSERT INTO TRAMITE_EXAMEN (IDE_SOLICITUD_EXAMEN, ID_HISTORIACLINICA , FEC_EXAMEN ,IDE_PERSONAL_MED  ) 
VALUES (1007,14, sysdate(), 306);
INSERT INTO TRAMITE_EXAMEN (IDE_SOLICITUD_EXAMEN, ID_HISTORIACLINICA , FEC_EXAMEN ,IDE_PERSONAL_MED  ) 
VALUES (1008,16, sysdate(), 302);
INSERT INTO TRAMITE_EXAMEN (IDE_SOLICITUD_EXAMEN, ID_HISTORIACLINICA , FEC_EXAMEN ,IDE_PERSONAL_MED  ) 
VALUES (1009,15, sysdate(), 301);

INSERT INTO TRAMITE_EXAMEN (IDE_SOLICITUD_EXAMEN, ID_HISTORIACLINICA , FEC_EXAMEN ,IDE_PERSONAL_MED  ) 
VALUES (1010,16, sysdate(), 300);
INSERT INTO TRAMITE_EXAMEN (IDE_SOLICITUD_EXAMEN, ID_HISTORIACLINICA , FEC_EXAMEN ,IDE_PERSONAL_MED  ) 
VALUES (1011,20, sysdate(), 302);
INSERT INTO TRAMITE_EXAMEN (IDE_SOLICITUD_EXAMEN, ID_HISTORIACLINICA , FEC_EXAMEN ,IDE_PERSONAL_MED  ) 
VALUES (1012,21, sysdate(), 301);
INSERT INTO TRAMITE_EXAMEN (IDE_SOLICITUD_EXAMEN, ID_HISTORIACLINICA , FEC_EXAMEN ,IDE_PERSONAL_MED  ) 
VALUES (1013,22, sysdate(), 301);
INSERT INTO TRAMITE_EXAMEN (IDE_SOLICITUD_EXAMEN, ID_HISTORIACLINICA , FEC_EXAMEN ,IDE_PERSONAL_MED  ) 
VALUES (1014,23, sysdate(), 302);
INSERT INTO TRAMITE_EXAMEN (IDE_SOLICITUD_EXAMEN, ID_HISTORIACLINICA , FEC_EXAMEN ,IDE_PERSONAL_MED  ) 
VALUES (1015,25, sysdate(), 308);
INSERT INTO TRAMITE_EXAMEN (IDE_SOLICITUD_EXAMEN, ID_HISTORIACLINICA , FEC_EXAMEN ,IDE_PERSONAL_MED  ) 
VALUES (1016,24, sysdate(), 304);
INSERT INTO TRAMITE_EXAMEN (IDE_SOLICITUD_EXAMEN, ID_HISTORIACLINICA , FEC_EXAMEN ,IDE_PERSONAL_MED  ) 
VALUES (1017,26, sysdate(), 301);
INSERT INTO TRAMITE_EXAMEN (IDE_SOLICITUD_EXAMEN, ID_HISTORIACLINICA , FEC_EXAMEN ,IDE_PERSONAL_MED  ) 
VALUES (1018,27, sysdate(), 301);
INSERT INTO TRAMITE_EXAMEN (IDE_SOLICITUD_EXAMEN, ID_HISTORIACLINICA , FEC_EXAMEN ,IDE_PERSONAL_MED  ) 
VALUES (1019,28, sysdate(), 303);


INSERT INTO  CATEGORIA_ANTECEDENTE  (ID_CATEGORIA_ANTECEDENTE , DESCRIPCION_CATEGORIA_ANTECEDENTE ) 
VALUES (600,  'Categoria de Antecedente: Hereditarios Familiares' );
INSERT INTO CATEGORIA_ANTECEDENTE (ID_CATEGORIA_ANTECEDENTE , DESCRIPCION_CATEGORIA_ANTECEDENTE) 
VALUES (601,  'Categoria de examen: Personales Patologicos' );
INSERT INTO CATEGORIA_ANTECEDENTE (ID_CATEGORIA_ANTECEDENTE , DESCRIPCION_CATEGORIA_ANTECEDENTE) 
VALUES (602,  'Categoria de examen: Personales No Patologicos' );
INSERT INTO CATEGORIA_ANTECEDENTE (ID_CATEGORIA_ANTECEDENTE , DESCRIPCION_CATEGORIA_ANTECEDENTE) 
VALUES (603,  'Categoria de examen: Gineco-Obtetricos' );


INSERT INTO TIPO_ANTECEDENTE   (ID_TIPO_ANTECEDENTE , DESCRIPCION_TIPO_ANTECEDENTE ,ID_CATEGORIA_ANTECENDENTE  ) 
VALUES (500,  'Diabetes',600 );
INSERT INTO TIPO_ANTECEDENTE   (ID_TIPO_ANTECEDENTE , DESCRIPCION_TIPO_ANTECEDENTE ,ID_CATEGORIA_ANTECENDENTE  ) 
VALUES (501,  'Asma',600 );
INSERT INTO TIPO_ANTECEDENTE   (ID_TIPO_ANTECEDENTE , DESCRIPCION_TIPO_ANTECEDENTE ,ID_CATEGORIA_ANTECENDENTE  ) 
VALUES (502,  'Enf. Endocrinas',600 );
INSERT INTO TIPO_ANTECEDENTE   (ID_TIPO_ANTECEDENTE , DESCRIPCION_TIPO_ANTECEDENTE ,ID_CATEGORIA_ANTECENDENTE  ) 
VALUES (503,  'Asma',600 );
INSERT INTO TIPO_ANTECEDENTE   (ID_TIPO_ANTECEDENTE , DESCRIPCION_TIPO_ANTECEDENTE ,ID_CATEGORIA_ANTECENDENTE  ) 
VALUES (504,  'Cancer',600 );
INSERT INTO TIPO_ANTECEDENTE   (ID_TIPO_ANTECEDENTE , DESCRIPCION_TIPO_ANTECEDENTE ,ID_CATEGORIA_ANTECENDENTE  ) 
VALUES (505,  'Enf. Alergicas',600 );
INSERT INTO TIPO_ANTECEDENTE   (ID_TIPO_ANTECEDENTE , DESCRIPCION_TIPO_ANTECEDENTE ,ID_CATEGORIA_ANTECENDENTE  ) 
VALUES (506,  'Enf. Mentales',600 );

INSERT INTO ANTECEDENTE_INTERNACION   (ID_ANTECEDENTE_INTERNACION  , ID_HISTORIACLINICA  ,ID_TIPO_ANTECENDENTE,OBSERVACION ,VALORACION    ) 
VALUES (700,  10, 500, 'xxxxxx asdasdasd' , ' positiva'  );
 INSERT INTO ANTECEDENTE_INTERNACION   (ID_ANTECEDENTE_INTERNACION  , ID_HISTORIACLINICA  ,ID_TIPO_ANTECENDENTE,OBSERVACION ,VALORACION    ) 
VALUES (701,  10,  501,'xxxxxx asdasdasd' , ' positiva'   );
 INSERT INTO ANTECEDENTE_INTERNACION   (ID_ANTECEDENTE_INTERNACION  , ID_HISTORIACLINICA  ,ID_TIPO_ANTECENDENTE,OBSERVACION ,VALORACION    ) 
VALUES (702,  10,   502, 'xxxxxx asdasdasd' , ' positiva'  );
 INSERT INTO ANTECEDENTE_INTERNACION   (ID_ANTECEDENTE_INTERNACION  , ID_HISTORIACLINICA  ,ID_TIPO_ANTECENDENTE,OBSERVACION ,VALORACION    ) 
VALUES (703,  10,  505, 'xxxxxx asdasdasd' , ' positiva'   );


INSERT INTO TRAMITE_RECETA ( IDE_RECETA, DESCRIPCION_DOSIS, FECHA_INICIO_MED, IDE_PERSONAL_MED, IDE_MED, IDE_PRESENTACION_MED,ID_HISTORIACLINICA  ) 
VALUES (1001,  'cada 12 horas', sysdate(), 300, 554, 5,10);
INSERT INTO TRAMITE_RECETA ( IDE_RECETA, DESCRIPCION_DOSIS, FECHA_INICIO_MED, IDE_PERSONAL_MED, IDE_MED, IDE_PRESENTACION_MED,ID_HISTORIACLINICA  ) 
VALUES (1002,  'cada 8 horas', sysdate(), 302, 552, 3,10);
INSERT INTO TRAMITE_RECETA ( IDE_RECETA, DESCRIPCION_DOSIS, FECHA_INICIO_MED, IDE_PERSONAL_MED, IDE_MED, IDE_PRESENTACION_MED,ID_HISTORIACLINICA  ) 
VALUES (1003,  'cada 6 horas', sysdate(), 301, 551, 2,10);
INSERT INTO TRAMITE_RECETA ( IDE_RECETA, DESCRIPCION_DOSIS, FECHA_INICIO_MED, IDE_PERSONAL_MED, IDE_MED, IDE_PRESENTACION_MED,ID_HISTORIACLINICA  ) 
VALUES (1004,  'cada 3 horas', sysdate(), 301, 553, 1,10);
INSERT INTO TRAMITE_RECETA ( IDE_RECETA, DESCRIPCION_DOSIS, FECHA_INICIO_MED, IDE_PERSONAL_MED, IDE_MED, IDE_PRESENTACION_MED,ID_HISTORIACLINICA  ) 
VALUES (1005,  'cada 8 horas', sysdate(), 302, 557, 3,10);
INSERT INTO TRAMITE_RECETA ( IDE_RECETA, DESCRIPCION_DOSIS, FECHA_INICIO_MED, IDE_PERSONAL_MED, IDE_MED, IDE_PRESENTACION_MED,ID_HISTORIACLINICA  ) 
VALUES (1006,  'cada 7 horas', sysdate(), 301, 555, 2,10);
INSERT INTO TRAMITE_RECETA ( IDE_RECETA, DESCRIPCION_DOSIS, FECHA_INICIO_MED, IDE_PERSONAL_MED, IDE_MED, IDE_PRESENTACION_MED,ID_HISTORIACLINICA  ) 
VALUES (1007,  'cada 6 horas', sysdate(), 303, 553, 4,10);
INSERT INTO TRAMITE_RECETA ( IDE_RECETA, DESCRIPCION_DOSIS, FECHA_INICIO_MED, IDE_PERSONAL_MED, IDE_MED, IDE_PRESENTACION_MED,ID_HISTORIACLINICA  ) 
VALUES (1008,  'cada 1 horas', sysdate(), 303, 554, 5,10);
INSERT INTO TRAMITE_RECETA ( IDE_RECETA, DESCRIPCION_DOSIS, FECHA_INICIO_MED, IDE_PERSONAL_MED, IDE_MED, IDE_PRESENTACION_MED,ID_HISTORIACLINICA  ) 
VALUES (1009,  'cada 48 horas', sysdate(), 306, 552, 6,10);

INSERT INTO TRAMITE_RECETA ( IDE_RECETA, DESCRIPCION_DOSIS, FECHA_INICIO_MED, IDE_PERSONAL_MED, IDE_MED, IDE_PRESENTACION_MED,ID_HISTORIACLINICA  ) 
VALUES (1011,  'cada 12 horas', sysdate(), 300, 554, 5,11);
INSERT INTO TRAMITE_RECETA ( IDE_RECETA, DESCRIPCION_DOSIS, FECHA_INICIO_MED, IDE_PERSONAL_MED, IDE_MED, IDE_PRESENTACION_MED,ID_HISTORIACLINICA  ) 
VALUES (1012,  'cada 8 horas', sysdate(), 301, 552, 3,11);
INSERT INTO TRAMITE_RECETA ( IDE_RECETA, DESCRIPCION_DOSIS, FECHA_INICIO_MED, IDE_PERSONAL_MED, IDE_MED, IDE_PRESENTACION_MED,ID_HISTORIACLINICA  ) 
VALUES (1013,  'cada 6 horas', sysdate(), 301, 551, 2,11);
INSERT INTO TRAMITE_RECETA ( IDE_RECETA, DESCRIPCION_DOSIS, FECHA_INICIO_MED, IDE_PERSONAL_MED, IDE_MED, IDE_PRESENTACION_MED,ID_HISTORIACLINICA  ) 
VALUES (1014,  'cada 3 horas', sysdate(), 301, 553, 1,11);
INSERT INTO TRAMITE_RECETA ( IDE_RECETA, DESCRIPCION_DOSIS, FECHA_INICIO_MED, IDE_PERSONAL_MED, IDE_MED, IDE_PRESENTACION_MED,ID_HISTORIACLINICA  ) 
VALUES (1015,  'cada 8 horas', sysdate(), 301, 557, 3,11);
INSERT INTO TRAMITE_RECETA ( IDE_RECETA, DESCRIPCION_DOSIS, FECHA_INICIO_MED, IDE_PERSONAL_MED, IDE_MED, IDE_PRESENTACION_MED,ID_HISTORIACLINICA  ) 
VALUES (1016,  'cada 7 horas', sysdate(), 301, 555, 2,11);
INSERT INTO TRAMITE_RECETA ( IDE_RECETA, DESCRIPCION_DOSIS, FECHA_INICIO_MED, IDE_PERSONAL_MED, IDE_MED, IDE_PRESENTACION_MED,ID_HISTORIACLINICA  ) 
VALUES (1017,  'cada 6 horas', sysdate(), 304, 553, 4,11);
INSERT INTO TRAMITE_RECETA ( IDE_RECETA, DESCRIPCION_DOSIS, FECHA_INICIO_MED, IDE_PERSONAL_MED, IDE_MED, IDE_PRESENTACION_MED,ID_HISTORIACLINICA  ) 
VALUES (1018,  'cada 1 horas', sysdate(), 305, 554, 5,11);
INSERT INTO TRAMITE_RECETA ( IDE_RECETA, DESCRIPCION_DOSIS, FECHA_INICIO_MED, IDE_PERSONAL_MED, IDE_MED, IDE_PRESENTACION_MED,ID_HISTORIACLINICA  ) 
VALUES (1019,  'cada 48 horas', sysdate(), 303, 552, 6,11);

INSERT INTO TRAMITE_RECETA ( IDE_RECETA, DESCRIPCION_DOSIS, FECHA_INICIO_MED, IDE_PERSONAL_MED, IDE_MED, IDE_PRESENTACION_MED,ID_HISTORIACLINICA  ) 
VALUES (1021,  'cada 22 horas', sysdate(), 303, 554, 5,12);
INSERT INTO TRAMITE_RECETA ( IDE_RECETA, DESCRIPCION_DOSIS, FECHA_INICIO_MED, IDE_PERSONAL_MED, IDE_MED, IDE_PRESENTACION_MED,ID_HISTORIACLINICA  ) 
VALUES (1022,  'cada 1 horas', sysdate(), 303, 552, 3,12);
INSERT INTO TRAMITE_RECETA ( IDE_RECETA, DESCRIPCION_DOSIS, FECHA_INICIO_MED, IDE_PERSONAL_MED, IDE_MED, IDE_PRESENTACION_MED,ID_HISTORIACLINICA  ) 
VALUES (1023,  'cada 6 horas', sysdate(), 302, 551, 2,12);
INSERT INTO TRAMITE_RECETA ( IDE_RECETA, DESCRIPCION_DOSIS, FECHA_INICIO_MED, IDE_PERSONAL_MED, IDE_MED, IDE_PRESENTACION_MED,ID_HISTORIACLINICA  ) 
VALUES (1024,  'cada 3 horas', sysdate(), 301, 553, 1,12);
INSERT INTO TRAMITE_RECETA ( IDE_RECETA, DESCRIPCION_DOSIS, FECHA_INICIO_MED, IDE_PERSONAL_MED, IDE_MED, IDE_PRESENTACION_MED,ID_HISTORIACLINICA  ) 
VALUES (1025,  'cada 4 horas', sysdate(), 303, 557, 3,12);
INSERT INTO TRAMITE_RECETA ( IDE_RECETA, DESCRIPCION_DOSIS, FECHA_INICIO_MED, IDE_PERSONAL_MED, IDE_MED, IDE_PRESENTACION_MED,ID_HISTORIACLINICA  ) 
VALUES (1026,  'cada 2 horas', sysdate(), 303, 555, 2,12);
INSERT INTO TRAMITE_RECETA ( IDE_RECETA, DESCRIPCION_DOSIS, FECHA_INICIO_MED, IDE_PERSONAL_MED, IDE_MED, IDE_PRESENTACION_MED,ID_HISTORIACLINICA  ) 
VALUES (1027,  'cada 6 horas', sysdate(), 304, 553, 4,12);
INSERT INTO TRAMITE_RECETA ( IDE_RECETA, DESCRIPCION_DOSIS, FECHA_INICIO_MED, IDE_PERSONAL_MED, IDE_MED, IDE_PRESENTACION_MED,ID_HISTORIACLINICA  ) 
VALUES (1028,  'cada 4 horas', sysdate(), 305, 554, 5,12);
INSERT INTO TRAMITE_RECETA ( IDE_RECETA, DESCRIPCION_DOSIS, FECHA_INICIO_MED, IDE_PERSONAL_MED, IDE_MED, IDE_PRESENTACION_MED,ID_HISTORIACLINICA  ) 
VALUES (1029,  'cada 48 horas', sysdate(), 303, 552, 6,12);

INSERT INTO TRAMITE_RECETA ( IDE_RECETA, DESCRIPCION_DOSIS, FECHA_INICIO_MED, IDE_PERSONAL_MED, IDE_MED, IDE_PRESENTACION_MED,ID_HISTORIACLINICA  ) 
VALUES (1031,  'cada 12 horas', sysdate(), 303, 554, 5,13);
INSERT INTO TRAMITE_RECETA ( IDE_RECETA, DESCRIPCION_DOSIS, FECHA_INICIO_MED, IDE_PERSONAL_MED, IDE_MED, IDE_PRESENTACION_MED,ID_HISTORIACLINICA  ) 
VALUES (1032,  'cada 8 horas', sysdate(), 302, 552, 2,13);
INSERT INTO TRAMITE_RECETA ( IDE_RECETA, DESCRIPCION_DOSIS, FECHA_INICIO_MED, IDE_PERSONAL_MED, IDE_MED, IDE_PRESENTACION_MED,ID_HISTORIACLINICA  ) 
VALUES (1033,  'cada 1 horas', sysdate(), 302, 551, 2,13);
INSERT INTO TRAMITE_RECETA ( IDE_RECETA, DESCRIPCION_DOSIS, FECHA_INICIO_MED, IDE_PERSONAL_MED, IDE_MED, IDE_PRESENTACION_MED,ID_HISTORIACLINICA  ) 
VALUES (1034,  'cada 2 horas', sysdate(), 302, 551, 4,13);
INSERT INTO TRAMITE_RECETA ( IDE_RECETA, DESCRIPCION_DOSIS, FECHA_INICIO_MED, IDE_PERSONAL_MED, IDE_MED, IDE_PRESENTACION_MED,ID_HISTORIACLINICA  ) 
VALUES (1035,  'cada 4 horas', sysdate(), 303, 557, 3,13);
INSERT INTO TRAMITE_RECETA ( IDE_RECETA, DESCRIPCION_DOSIS, FECHA_INICIO_MED, IDE_PERSONAL_MED, IDE_MED, IDE_PRESENTACION_MED,ID_HISTORIACLINICA  ) 
VALUES (1036,  'cada 3 horas', sysdate(), 301, 555, 2,13);
INSERT INTO TRAMITE_RECETA ( IDE_RECETA, DESCRIPCION_DOSIS, FECHA_INICIO_MED, IDE_PERSONAL_MED, IDE_MED, IDE_PRESENTACION_MED,ID_HISTORIACLINICA  ) 
VALUES (1037,  'cada 6 horas', sysdate(), 302, 551, 4,13);
INSERT INTO TRAMITE_RECETA ( IDE_RECETA, DESCRIPCION_DOSIS, FECHA_INICIO_MED, IDE_PERSONAL_MED, IDE_MED, IDE_PRESENTACION_MED,ID_HISTORIACLINICA  ) 
VALUES (1038,  'cada 1 horas', sysdate(), 305, 554, 2,13);
INSERT INTO TRAMITE_RECETA ( IDE_RECETA, DESCRIPCION_DOSIS, FECHA_INICIO_MED, IDE_PERSONAL_MED, IDE_MED, IDE_PRESENTACION_MED,ID_HISTORIACLINICA  ) 
VALUES (1039,  'cada 48 horas', sysdate(), 303, 552, 6,13);

INSERT INTO TRAMITE_RECETA ( IDE_RECETA, DESCRIPCION_DOSIS, FECHA_INICIO_MED, IDE_PERSONAL_MED, IDE_MED, IDE_PRESENTACION_MED,ID_HISTORIACLINICA  ) 
VALUES (1041,  'cada 11 horas', sysdate(), 302, 551, 5,14);
INSERT INTO TRAMITE_RECETA ( IDE_RECETA, DESCRIPCION_DOSIS, FECHA_INICIO_MED, IDE_PERSONAL_MED, IDE_MED, IDE_PRESENTACION_MED,ID_HISTORIACLINICA  ) 
VALUES (1042,  'cada 8 horas', sysdate(), 301, 552, 3,14);
INSERT INTO TRAMITE_RECETA ( IDE_RECETA, DESCRIPCION_DOSIS, FECHA_INICIO_MED, IDE_PERSONAL_MED, IDE_MED, IDE_PRESENTACION_MED,ID_HISTORIACLINICA  ) 
VALUES (1043,  'cada 3 horas', sysdate(), 303, 552, 4,14);
INSERT INTO TRAMITE_RECETA ( IDE_RECETA, DESCRIPCION_DOSIS, FECHA_INICIO_MED, IDE_PERSONAL_MED, IDE_MED, IDE_PRESENTACION_MED,ID_HISTORIACLINICA  ) 
VALUES (1044,  'cada 2 horas', sysdate(), 301, 553, 1,14);
INSERT INTO TRAMITE_RECETA ( IDE_RECETA, DESCRIPCION_DOSIS, FECHA_INICIO_MED, IDE_PERSONAL_MED, IDE_MED, IDE_PRESENTACION_MED,ID_HISTORIACLINICA  ) 
VALUES (1045,  'cada 4 horas', sysdate(), 303, 557, 3,14);
INSERT INTO TRAMITE_RECETA ( IDE_RECETA, DESCRIPCION_DOSIS, FECHA_INICIO_MED, IDE_PERSONAL_MED, IDE_MED, IDE_PRESENTACION_MED,ID_HISTORIACLINICA  ) 
VALUES (1046,  'cada 3 horas', sysdate(), 301, 555, 2,14);
INSERT INTO TRAMITE_RECETA ( IDE_RECETA, DESCRIPCION_DOSIS, FECHA_INICIO_MED, IDE_PERSONAL_MED, IDE_MED, IDE_PRESENTACION_MED,ID_HISTORIACLINICA  ) 
VALUES (1047,  'cada 6 horas', sysdate(), 304, 552, 4,14);
INSERT INTO TRAMITE_RECETA ( IDE_RECETA, DESCRIPCION_DOSIS, FECHA_INICIO_MED, IDE_PERSONAL_MED, IDE_MED, IDE_PRESENTACION_MED,ID_HISTORIACLINICA  ) 
VALUES (1048,  'cada 2 horas', sysdate(), 301, 511, 3,14);
INSERT INTO TRAMITE_RECETA ( IDE_RECETA, DESCRIPCION_DOSIS, FECHA_INICIO_MED, IDE_PERSONAL_MED, IDE_MED, IDE_PRESENTACION_MED,ID_HISTORIACLINICA  ) 
VALUES (1049,  'cada 3 horas', sysdate(), 303, 552, 6,14);

INSERT INTO TRAMITE_RECETA ( IDE_RECETA, DESCRIPCION_DOSIS, FECHA_INICIO_MED, IDE_PERSONAL_MED, IDE_MED, IDE_PRESENTACION_MED,ID_HISTORIACLINICA  ) 
VALUES (1051,  'cada 3 horas', sysdate(), 303, 554, 5,15);
INSERT INTO TRAMITE_RECETA ( IDE_RECETA, DESCRIPCION_DOSIS, FECHA_INICIO_MED, IDE_PERSONAL_MED, IDE_MED, IDE_PRESENTACION_MED,ID_HISTORIACLINICA  ) 
VALUES (1052,  'cada 3 horas', sysdate(), 301, 552, 3,15);
INSERT INTO TRAMITE_RECETA ( IDE_RECETA, DESCRIPCION_DOSIS, FECHA_INICIO_MED, IDE_PERSONAL_MED, IDE_MED, IDE_PRESENTACION_MED,ID_HISTORIACLINICA  ) 
VALUES (1053,  'cada 1 horas', sysdate(), 302, 551, 2,15);
INSERT INTO TRAMITE_RECETA ( IDE_RECETA, DESCRIPCION_DOSIS, FECHA_INICIO_MED, IDE_PERSONAL_MED, IDE_MED, IDE_PRESENTACION_MED,ID_HISTORIACLINICA  ) 
VALUES (1054,  'cada 2 horas', sysdate(), 301, 551, 1,15);
INSERT INTO TRAMITE_RECETA ( IDE_RECETA, DESCRIPCION_DOSIS, FECHA_INICIO_MED, IDE_PERSONAL_MED, IDE_MED, IDE_PRESENTACION_MED,ID_HISTORIACLINICA  ) 
VALUES (1055,  'cada 8 horas', sysdate(), 302, 557, 3,15);
INSERT INTO TRAMITE_RECETA ( IDE_RECETA, DESCRIPCION_DOSIS, FECHA_INICIO_MED, IDE_PERSONAL_MED, IDE_MED, IDE_PRESENTACION_MED,ID_HISTORIACLINICA  ) 
VALUES (1056,  'cada 3 horas', sysdate(), 301, 555, 2,15);
INSERT INTO TRAMITE_RECETA ( IDE_RECETA, DESCRIPCION_DOSIS, FECHA_INICIO_MED, IDE_PERSONAL_MED, IDE_MED, IDE_PRESENTACION_MED,ID_HISTORIACLINICA  ) 
VALUES (1057,  'cada 6 horas', sysdate(), 301, 553, 4,15);
INSERT INTO TRAMITE_RECETA ( IDE_RECETA, DESCRIPCION_DOSIS, FECHA_INICIO_MED, IDE_PERSONAL_MED, IDE_MED, IDE_PRESENTACION_MED,ID_HISTORIACLINICA  ) 
VALUES (1058,  'cada 1 horas', sysdate(), 305, 552, 5,15);
INSERT INTO TRAMITE_RECETA ( IDE_RECETA, DESCRIPCION_DOSIS, FECHA_INICIO_MED, IDE_PERSONAL_MED, IDE_MED, IDE_PRESENTACION_MED,ID_HISTORIACLINICA  ) 
VALUES (1059,  'cada 48 horas', sysdate(), 303, 552, 3,15);


INSERT INTO TRAMITE_EXAMEN_ESTUDIO_SOLICITADO (IDE_TRAMITE_EXAMEN_DATO_LINEA, RESULTADO_EXAMEN, COD_DATO , IDE_SOLICITUD_EXAMEN, ESTADO_ESTUDIO, FECHA_ESTUDIO  ) 
VALUES (800, 'Valores normales', 62, 1000,  'listo', sysdate() ); 
INSERT INTO TRAMITE_EXAMEN_ESTUDIO_SOLICITADO (IDE_TRAMITE_EXAMEN_DATO_LINEA, RESULTADO_EXAMEN, COD_DATO , IDE_SOLICITUD_EXAMEN, ESTADO_ESTUDIO, FECHA_ESTUDIO  ) 
VALUES (801, 'hormonas xx altas detectadas', 64, 1001,  'listo', sysdate() ); 
INSERT INTO TRAMITE_EXAMEN_ESTUDIO_SOLICITADO (IDE_TRAMITE_EXAMEN_DATO_LINEA, RESULTADO_EXAMEN, COD_DATO , IDE_SOLICITUD_EXAMEN, ESTADO_ESTUDIO, FECHA_ESTUDIO  ) 
VALUES (802, 'neumonia detectada radigrafia', 58, 1002,  'listo', sysdate() );
INSERT INTO TRAMITE_EXAMEN_ESTUDIO_SOLICITADO (IDE_TRAMITE_EXAMEN_DATO_LINEA, RESULTADO_EXAMEN, COD_DATO , IDE_SOLICITUD_EXAMEN, ESTADO_ESTUDIO, FECHA_ESTUDIO ) 
VALUES (803, 'Valores normales', 62, 1013, 'listo', sysdate() ); 
INSERT INTO TRAMITE_EXAMEN_ESTUDIO_SOLICITADO (IDE_TRAMITE_EXAMEN_DATO_LINEA, RESULTADO_EXAMEN, COD_DATO , IDE_SOLICITUD_EXAMEN, ESTADO_ESTUDIO, FECHA_ESTUDIO  ) 
VALUES (804, 'hormonas xx altas detectadas', 64, 1003, 'listo', sysdate() ); 
INSERT INTO TRAMITE_EXAMEN_ESTUDIO_SOLICITADO (IDE_TRAMITE_EXAMEN_DATO_LINEA, RESULTADO_EXAMEN, COD_DATO , IDE_SOLICITUD_EXAMEN, ESTADO_ESTUDIO, FECHA_ESTUDIO ) 
VALUES (805, 'examen fisico: obesidad y taquicardia', 57, 1004, 'listo', sysdate() );
INSERT INTO TRAMITE_EXAMEN_ESTUDIO_SOLICITADO (IDE_TRAMITE_EXAMEN_DATO_LINEA, RESULTADO_EXAMEN, COD_DATO , IDE_SOLICITUD_EXAMEN, ESTADO_ESTUDIO, FECHA_ESTUDIO  ) 
VALUES (806, 'Valores normales', 62, 1018,  'listo', sysdate() ); 
INSERT INTO TRAMITE_EXAMEN_ESTUDIO_SOLICITADO (IDE_TRAMITE_EXAMEN_DATO_LINEA, RESULTADO_EXAMEN, COD_DATO , IDE_SOLICITUD_EXAMEN, ESTADO_ESTUDIO, FECHA_ESTUDIO ) 
VALUES (807, 'soplo detectado', 55, 1005,'listo', sysdate() ); 
INSERT INTO TRAMITE_EXAMEN_ESTUDIO_SOLICITADO (IDE_TRAMITE_EXAMEN_DATO_LINEA, RESULTADO_EXAMEN, COD_DATO , IDE_SOLICITUD_EXAMEN,ESTADO_ESTUDIO, FECHA_ESTUDIO  ) 
VALUES (808, 'hormonas xx altas detectadas', 64, 1006,  'listo', sysdate() );
INSERT INTO TRAMITE_EXAMEN_ESTUDIO_SOLICITADO (IDE_TRAMITE_EXAMEN_DATO_LINEA, RESULTADO_EXAMEN, COD_DATO , IDE_SOLICITUD_EXAMEN, ESTADO_ESTUDIO, FECHA_ESTUDIO  ) 
VALUES (809, 'bajos reflejos y cordinacion', 66, 1008,  'listo', sysdate() ); 
INSERT INTO TRAMITE_EXAMEN_ESTUDIO_SOLICITADO (IDE_TRAMITE_EXAMEN_DATO_LINEA, RESULTADO_EXAMEN, COD_DATO , IDE_SOLICITUD_EXAMEN, ESTADO_ESTUDIO, FECHA_ESTUDIO  ) 
VALUES (810, 'hormonas xx altas detectadas', 64, 1007,  'listo', sysdate() ); 
INSERT INTO TRAMITE_EXAMEN_ESTUDIO_SOLICITADO (IDE_TRAMITE_EXAMEN_DATO_LINEA, RESULTADO_EXAMEN, COD_DATO , IDE_SOLICITUD_EXAMEN, ESTADO_ESTUDIO, FECHA_ESTUDIO  ) 
VALUES (811, 'no es apto para situaciones de alto stress', 59, 1009,  'listo', sysdate() );
INSERT INTO TRAMITE_EXAMEN_ESTUDIO_SOLICITADO (IDE_TRAMITE_EXAMEN_DATO_LINEA, RESULTADO_EXAMEN, COD_DATO , IDE_SOLICITUD_EXAMEN, ESTADO_ESTUDIO, FECHA_ESTUDIO  ) 
VALUES (812, 'venas endurecidas encontradas', 56, 1010,  'listo', sysdate() ); 
INSERT INTO TRAMITE_EXAMEN_ESTUDIO_SOLICITADO (IDE_TRAMITE_EXAMEN_DATO_LINEA, COD_DATO , IDE_SOLICITUD_EXAMEN, ESTADO_ESTUDIO ) 
VALUES (813, 65, 1011,  'en proceso',   ); 
INSERT INTO TRAMITE_EXAMEN_ESTUDIO_SOLICITADO (IDE_TRAMITE_EXAMEN_DATO_LINEA, RESULTADO_EXAMEN, COD_DATO , IDE_SOLICITUD_EXAMEN, ESTADO_ESTUDIO, FECHA_ESTUDIO  ) 
VALUES (814, 'hormonas xx altas detectadas', 64, 1012,  'listo', sysdate() );

